{
  "Stationary": {
    "EpsilonGreedy vs DecayingEpsilon": {
      "t_statistic": 69.5561252090848,
      "p_value": 1.2158395657299592e-50,
      "p_corrected": 9.483548612693682e-49,
      "significant": 