timestep,eval_reward_mean,eval_reward_std,eval_length_mean,eval_success_rate
10000,-1549.25,778.966101637292,1000.0,0.0
20000,-1000.0,0.0,1000.0,0.0
30000,-1000.0,0.0,1000.0,0.0
40000,-1000.0,0.0,1000.0,0.0
50000,-1000.5,2.179449471770337,1000.0,0.0
60000,-1000.0,0.0,1000.0,0.0
70000,-1000.0,0.0,1000.0,0.0
80000,-1000.0,0.0,1000.0,0.0
90000,-1002.0,5.0990195135927845,1000.0,0.0
